{ 
    "_id" : ObjectId("5cb8a6dc76e7492510007032"), 
    "name" : "Faculty of Engineering", 
    "updated_at" : ISODate("2019-04-18T16:33:32.000+0000"), 
    "created_at" : ISODate("2019-04-18T16:33:32.000+0000")
}
{ 
    "_id" : ObjectId("5cbd6f4a76e7492abc004403"), 
    "name" : "Faculty of law", 
    "updated_at" : ISODate("2019-04-22T07:37:46.000+0000"), 
    "created_at" : ISODate("2019-04-22T07:37:46.000+0000")
}
{ 
    "_id" : ObjectId("5d187a6fb14e647f8550e2a5"), 
    "name" : "faculty of commerce", 
    "created_by" : "mmo7amed2010@gmail.com", 
    "updated_at" : ISODate("2019-06-30T09:01:35.000+0000"), 
    "created_at" : ISODate("2019-06-30T09:01:35.000+0000")
}
{ 
    "_id" : ObjectId("5d1884a5b14e64022e4c1e92"), 
    "name" : "faculty of computer science", 
    "created_by" : "mmo7amed2010@gmail.com", 
    "updated_at" : ISODate("2019-06-30T09:45:09.000+0000"), 
    "created_at" : ISODate("2019-06-30T09:45:09.000+0000")
}
