{ 
    "_id" : ObjectId("5cacb5fcf34cdb15b5657de9"), 
    "name" : "root", 
    "level" : "-1", 
    "type" : "category", 
    "child_ids" : [
        "5cacb85a9dfef715a06255b4", 
        "5cacb8aa9dfef715a06255b7", 
        "5cacbcc09dfef715a06255bc", 
        "5cb379e09dfef7143a5a0702", 
        "5cbbfc619dfef70fd445a0a2", 
        "5cbd947d76e7492abc004407", 
        "5cbd951476e7492abc004408", 
        "5cbd952c76e7492abc004409"
    ], 
    "created_at" : ISODate("2019-03-25T09:54:47.000+0000"), 
    "updated_at" : ISODate("2019-04-22T10:19:24.000+0000")
}
{ 
    "_id" : ObjectId("5cacb85a9dfef715a06255b4"), 
    "name" : "Maths", 
    "parent_id" : "5cacb5fcf34cdb15b5657de9", 
    "level" : "0", 
    "type" : "category", 
    "child_ids" : [
        "5cacb8709dfef715a06255b5", 
        "5cb1cbdb9dfef7022f05dc07", 
        "5cbb52b49dfef702350a3e34", 
        "5d18817fb14e647fb337e712", 
        "5d188ecbb14e647f8550e2aa"
    ], 
    "updated_at" : ISODate("2019-06-30T10:28:27.000+0000"), 
    "created_at" : ISODate("2019-04-09T15:20:58.000+0000")
}
{ 
    "_id" : ObjectId("5cacb8709dfef715a06255b5"), 
    "name" : "Algebra", 
    "parent_id" : "5cacb85a9dfef715a06255b4", 
    "level" : NumberInt(1), 
    "type" : "category", 
    "child_ids" : [
        "5cacb8839dfef715a06255b6", 
        "5cbbfcc89dfef70fd445a0a4"
    ], 
    "updated_at" : ISODate("2019-04-21T05:16:56.000+0000"), 
    "created_at" : ISODate("2019-04-09T15:21:20.000+0000")
}
{ 
    "_id" : ObjectId("5cacb8839dfef715a06255b6"), 
    "name" : "Linear-Algebra", 
    "parent_id" : "5cacb8709dfef715a06255b5", 
    "level" : NumberInt(2), 
    "type" : "category", 
    "child_ids" : [

    ], 
    "updated_at" : ISODate("2019-04-09T15:21:39.000+0000"), 
    "created_at" : ISODate("2019-04-09T15:21:39.000+0000")
}
{ 
    "_id" : ObjectId("5cacb8aa9dfef715a06255b7"), 
    "name" : "English", 
    "parent_id" : "5cacb5fcf34cdb15b5657de9", 
    "level" : NumberInt(0), 
    "type" : "category", 
    "child_ids" : [
        "5cacb8b79dfef715a06255b8", 
        "5cb1cba89dfef7022f05dc05"
    ], 
    "updated_at" : ISODate("2019-04-13T11:44:40.000+0000"), 
    "created_at" : ISODate("2019-04-09T15:22:18.000+0000")
}
{ 
    "_id" : ObjectId("5cacb8b79dfef715a06255b8"), 
    "name" : "Grammar", 
    "parent_id" : "5cacb8aa9dfef715a06255b7", 
    "level" : NumberInt(1), 
    "type" : "category", 
    "child_ids" : [
        "5d1b95145961e633cc0039c8"
    ], 
    "updated_at" : ISODate("2019-07-02T17:32:04.000+0000"), 
    "created_at" : ISODate("2019-04-09T15:22:31.000+0000")
}
{ 
    "_id" : ObjectId("5cacbcc09dfef715a06255bc"), 
    "name" : "Physics", 
    "parent_id" : "5cacb5fcf34cdb15b5657de9", 
    "level" : NumberInt(0), 
    "child_ids" : [
        "5cb1cbc49dfef7022f05dc06", 
        "5cacbcd09dfef715a06255bd"
    ], 
    "updated_at" : ISODate("2019-04-15T09:49:39.000+0000"), 
    "created_at" : ISODate("2019-04-09T15:39:44.000+0000"), 
    "type" : "category"
}
{ 
    "_id" : ObjectId("5cacbcd09dfef715a06255bd"), 
    "name" : "Nuclear-physics", 
    "parent_id" : "5cacbcc09dfef715a06255bc", 
    "level" : NumberInt(1), 
    "child_ids" : [

    ], 
    "updated_at" : ISODate("2019-04-09T15:40:00.000+0000"), 
    "created_at" : ISODate("2019-04-09T15:40:00.000+0000"), 
    "type" : "category"
}
{ 
    "_id" : ObjectId("5cb1cba89dfef7022f05dc05"), 
    "name" : "Literature", 
    "parent_id" : "5cacb8aa9dfef715a06255b7", 
    "level" : NumberInt(1), 
    "child_ids" : [

    ], 
    "updated_at" : ISODate("2019-04-13T11:44:40.000+0000"), 
    "created_at" : ISODate("2019-04-13T11:44:40.000+0000"), 
    "type" : "category"
}
{ 
    "_id" : ObjectId("5cb1cbc49dfef7022f05dc06"), 
    "name" : "Astro-Physics", 
    "parent_id" : "5cacbcc09dfef715a06255bc", 
    "level" : NumberInt(1), 
    "child_ids" : [

    ], 
    "updated_at" : ISODate("2019-04-13T11:45:08.000+0000"), 
    "created_at" : ISODate("2019-04-13T11:45:08.000+0000"), 
    "type" : "category"
}
{ 
    "_id" : ObjectId("5cb1cbdb9dfef7022f05dc07"), 
    "name" : "Geometry", 
    "parent_id" : "5cacb85a9dfef715a06255b4", 
    "level" : NumberInt(1), 
    "child_ids" : [
        "5cb1cbe49dfef7022f05dc08", 
        "5cbc11cc9dfef70fd445a0c9"
    ], 
    "updated_at" : ISODate("2019-04-21T06:46:36.000+0000"), 
    "created_at" : ISODate("2019-04-13T11:45:31.000+0000"), 
    "type" : "category"
}
{ 
    "_id" : ObjectId("5cb1cbe49dfef7022f05dc08"), 
    "name" : "Solid-Geometry", 
    "parent_id" : "5cb1cbdb9dfef7022f05dc07", 
    "level" : NumberInt(2), 
    "child_ids" : [

    ], 
    "updated_at" : ISODate("2019-04-13T11:45:40.000+0000"), 
    "created_at" : ISODate("2019-04-13T11:45:40.000+0000"), 
    "type" : "category"
}
{ 
    "_id" : ObjectId("5cb379e09dfef7143a5a0702"), 
    "name" : "Chemistry", 
    "parent_id" : "5cacb5fcf34cdb15b5657de9", 
    "level" : NumberInt(0), 
    "child_ids" : {
        "1" : "5cbb55869dfef702350a3e35", 
        "2" : "5cbc9b649dfef70257633d83"
    }, 
    "updated_at" : ISODate("2019-04-21T16:33:40.000+0000"), 
    "created_at" : ISODate("2019-04-14T18:20:16.000+0000"), 
    "type" : "category"
}
{ 
    "_id" : ObjectId("5cbb52b49dfef702350a3e34"), 
    "name" : "Calculus", 
    "parent_id" : "5cacb85a9dfef715a06255b4", 
    "level" : NumberInt(1), 
    "child_ids" : [

    ], 
    "updated_at" : ISODate("2019-04-20T17:11:16.000+0000"), 
    "created_at" : ISODate("2019-04-20T17:11:16.000+0000"), 
    "type" : "category"
}
{ 
    "_id" : ObjectId("5cbb55869dfef702350a3e35"), 
    "name" : "BioChemistry", 
    "parent_id" : "5cb379e09dfef7143a5a0702", 
    "level" : NumberInt(1), 
    "child_ids" : [

    ], 
    "updated_at" : ISODate("2019-04-20T17:23:18.000+0000"), 
    "created_at" : ISODate("2019-04-20T17:23:18.000+0000"), 
    "type" : "category"
}
{ 
    "_id" : ObjectId("5cbbfc619dfef70fd445a0a2"), 
    "name" : "French", 
    "parent_id" : "5cacb5fcf34cdb15b5657de9", 
    "level" : NumberInt(0), 
    "child_ids" : [
        "5cbbfc8e9dfef70fd445a0a3", 
        "5cbc16d99dfef70fd445a0e2"
    ], 
    "updated_at" : ISODate("2019-04-21T07:08:09.000+0000"), 
    "created_at" : ISODate("2019-04-21T05:15:13.000+0000"), 
    "type" : "category"
}
{ 
    "_id" : ObjectId("5cbbfc8e9dfef70fd445a0a3"), 
    "name" : "Grammar", 
    "parent_id" : "5cbbfc619dfef70fd445a0a2", 
    "level" : NumberInt(1), 
    "child_ids" : [

    ], 
    "updated_at" : ISODate("2019-04-21T05:15:58.000+0000"), 
    "created_at" : ISODate("2019-04-21T05:15:58.000+0000"), 
    "type" : "category"
}
{ 
    "_id" : ObjectId("5cbbfcc89dfef70fd445a0a4"), 
    "name" : "Simple Algebra", 
    "parent_id" : "5cacb8709dfef715a06255b5", 
    "level" : NumberInt(2), 
    "child_ids" : [

    ], 
    "updated_at" : ISODate("2019-04-21T05:16:56.000+0000"), 
    "created_at" : ISODate("2019-04-21T05:16:56.000+0000"), 
    "type" : "category"
}
{ 
    "_id" : ObjectId("5cbc11cc9dfef70fd445a0c9"), 
    "type" : "category", 
    "name" : "Simple Geometry", 
    "parent_id" : "5cb1cbdb9dfef7022f05dc07", 
    "level" : NumberInt(2), 
    "child_ids" : [

    ], 
    "updated_at" : ISODate("2019-04-21T06:46:36.000+0000"), 
    "created_at" : ISODate("2019-04-21T06:46:36.000+0000")
}
{ 
    "_id" : ObjectId("5cbc16d99dfef70fd445a0e2"), 
    "type" : "category", 
    "name" : "Literature", 
    "parent_id" : "5cbbfc619dfef70fd445a0a2", 
    "level" : NumberInt(1), 
    "child_ids" : [

    ], 
    "updated_at" : ISODate("2019-04-21T07:08:09.000+0000"), 
    "created_at" : ISODate("2019-04-21T07:08:09.000+0000")
}
{ 
    "_id" : ObjectId("5cbc9b649dfef70257633d83"), 
    "type" : "category", 
    "name" : "Organic Chemistry", 
    "parent_id" : "5cb379e09dfef7143a5a0702", 
    "level" : NumberInt(1), 
    "child_ids" : [

    ], 
    "updated_at" : ISODate("2019-04-21T16:33:40.000+0000"), 
    "created_at" : ISODate("2019-04-21T16:33:40.000+0000")
}
{ 
    "_id" : ObjectId("5cbd947d76e7492abc004407"), 
    "type" : "category", 
    "name" : "Biology", 
    "parent_id" : "5cacb5fcf34cdb15b5657de9", 
    "level" : NumberInt(0), 
    "child_ids" : [
        "5d12b0af28863109200046e5"
    ], 
    "updated_at" : ISODate("2019-06-25T23:39:27.000+0000"), 
    "created_at" : ISODate("2019-04-22T10:16:29.000+0000")
}
{ 
    "_id" : ObjectId("5cbd951476e7492abc004408"), 
    "type" : "category", 
    "name" : "Computer", 
    "parent_id" : "5cacb5fcf34cdb15b5657de9", 
    "level" : NumberInt(0), 
    "child_ids" : [
        "5d18a8555961e61f20004592"
    ], 
    "updated_at" : ISODate("2019-06-30T12:17:27.000+0000"), 
    "created_at" : ISODate("2019-04-22T10:19:00.000+0000")
}
{ 
    "_id" : ObjectId("5d12b0af28863109200046e5"), 
    "type" : "category", 
    "name" : "plants", 
    "created_by" : "admin@admin.com", 
    "parent_id" : "5cbd947d76e7492abc004407", 
    "level" : NumberInt(1), 
    "child_ids" : [

    ], 
    "updated_at" : ISODate("2019-06-25T23:39:27.000+0000"), 
    "created_at" : ISODate("2019-06-25T23:39:27.000+0000")
}
{ 
    "_id" : ObjectId("5d18817fb14e647fb337e712"), 
    "type" : "category", 
    "name" : "dynamics", 
    "created_by" : "mmo7amed2010@gmail.com", 
    "parent_id" : "5cacb85a9dfef715a06255b4", 
    "level" : NumberInt(1), 
    "child_ids" : [

    ], 
    "updated_at" : ISODate("2019-06-30T09:31:43.000+0000"), 
    "created_at" : ISODate("2019-06-30T09:31:43.000+0000")
}
{ 
    "_id" : ObjectId("5d188ecbb14e647f8550e2aa"), 
    "type" : "category", 
    "name" : "statics", 
    "created_by" : "mmo7amed2010@gmail.com", 
    "parent_id" : "5cacb85a9dfef715a06255b4", 
    "level" : NumberInt(1), 
    "child_ids" : [

    ], 
    "updated_at" : ISODate("2019-06-30T10:28:27.000+0000"), 
    "created_at" : ISODate("2019-06-30T10:28:27.000+0000")
}
{ 
    "_id" : ObjectId("5d18a8555961e61f20004592"), 
    "type" : "category", 
    "name" : "programming", 
    "created_by" : "owner@intrazero.com", 
    "parent_id" : "5cbd951476e7492abc004408", 
    "level" : NumberInt(1), 
    "child_ids" : [

    ], 
    "updated_at" : ISODate("2019-06-30T12:17:25.000+0000"), 
    "created_at" : ISODate("2019-06-30T12:17:25.000+0000")
}
{ 
    "_id" : ObjectId("5d1b95145961e633cc0039c8"), 
    "type" : "category", 
    "name" : "if-rule", 
    "created_by" : "owner@intrazero.com", 
    "parent_id" : "5cacb8b79dfef715a06255b8", 
    "level" : NumberInt(2), 
    "child_ids" : [

    ], 
    "updated_at" : ISODate("2019-07-02T17:32:04.000+0000"), 
    "created_at" : ISODate("2019-07-02T17:32:04.000+0000")
}
