{ 
    "_id" : ObjectId("5d1dfbb62886312e94005bb2"), 
    "exam_id" : "5d18fd6b28863101580016e2", 
    "question_id" : "5d1902512886310158001715", 
    "exam_question_id" : "5d190250288631015800170c", 
    "user_id" : "5cb0c0dd15c64f1d700051e5", 
    "status" : "pending", 
    "updated_at" : ISODate("2019-07-04T22:53:45.000+0000"), 
    "created_at" : ISODate("2019-07-04T13:14:30.000+0000"), 
    "reason" : "it is logically wrong and fucked up"
}
{ 
    "_id" : ObjectId("5d1dfbb62886312e94005bb3"), 
    "exam_id" : "5d18fd6b28863101580016e2", 
    "question_id" : "5d1902512886310158001715", 
    "exam_question_id" : "5d190250288631015800170c", 
    "user_id" : "5c97ebff2ace521b10006e02", 
    "status" : "pending", 
    "updated_at" : ISODate("2019-07-04T22:53:45.000+0000"), 
    "created_at" : ISODate("2019-07-04T13:14:30.000+0000"), 
    "reason" : "bad description"
}
