{ 
    "_id" : ObjectId("5d12cb9a28863109200046e9"), 
    "auth_id" : "5cb8a6dc76e7492510007032", 
    "parent_id" : "-1", 
    "name" : "Electrical", 
    "updated_at" : ISODate("2019-06-26T01:34:18.000+0000"), 
    "created_at" : ISODate("2019-06-26T01:34:18.000+0000")
}
{ 
    "_id" : ObjectId("5d12cd0e28863109200046ea"), 
    "auth_id" : "5cb8a6dc76e7492510007032", 
    "parent_id" : "-1", 
    "name" : "Mechanical", 
    "updated_at" : ISODate("2019-06-26T02:18:28.000+0000"), 
    "created_at" : ISODate("2019-06-26T01:40:30.000+0000"), 
    "child_ids" : [
        "5d12d5f428863109200046ef"
    ]
}
{ 
    "_id" : ObjectId("5d12cdb728863109200046eb"), 
    "auth_id" : "5cbd6f4a76e7492abc004403", 
    "parent_id" : "-1", 
    "name" : "financial law", 
    "updated_at" : ISODate("2019-06-26T01:43:19.000+0000"), 
    "created_at" : ISODate("2019-06-26T01:43:19.000+0000")
}
{ 
    "_id" : ObjectId("5d12cdc728863109200046ec"), 
    "auth_id" : "5cbd6f4a76e7492abc004403", 
    "parent_id" : "-1", 
    "name" : "crimes law", 
    "updated_at" : ISODate("2019-06-26T01:49:51.000+0000"), 
    "created_at" : ISODate("2019-06-26T01:43:35.000+0000"), 
    "child_ids" : [
        "5d12cf3728863109200046ed", 
        "5d12cf3f28863109200046ee"
    ]
}
{ 
    "_id" : ObjectId("5d12cf3728863109200046ed"), 
    "auth_id" : "5cbd6f4a76e7492abc004403", 
    "parent_id" : "5d12cdc728863109200046ec", 
    "name" : "crimes1", 
    "updated_at" : ISODate("2019-06-26T01:49:43.000+0000"), 
    "created_at" : ISODate("2019-06-26T01:49:43.000+0000")
}
{ 
    "_id" : ObjectId("5d12cf3f28863109200046ee"), 
    "auth_id" : "5cbd6f4a76e7492abc004403", 
    "parent_id" : "5d12cdc728863109200046ec", 
    "name" : "crimes2", 
    "updated_at" : ISODate("2019-06-26T01:49:51.000+0000"), 
    "created_at" : ISODate("2019-06-26T01:49:51.000+0000")
}
{ 
    "_id" : ObjectId("5d12d5f428863109200046ef"), 
    "auth_id" : "5cb8a6dc76e7492510007032", 
    "parent_id" : "5d12cd0e28863109200046ea", 
    "name" : "cars", 
    "updated_at" : ISODate("2019-06-26T02:18:28.000+0000"), 
    "created_at" : ISODate("2019-06-26T02:18:28.000+0000")
}
{ 
    "_id" : ObjectId("5d187a6fb14e647f8550e2a6"), 
    "name" : "root", 
    "auth_id" : "5d187a6fb14e647f8550e2a5", 
    "level" : NumberInt(-1), 
    "child_ids" : [

    ], 
    "updated_at" : ISODate("2019-06-30T09:01:35.000+0000"), 
    "created_at" : ISODate("2019-06-30T09:01:35.000+0000")
}
{ 
    "_id" : ObjectId("5d187ba5b14e647f8550e2a7"), 
    "auth_id" : "5cb8a6dc76e7492510007032", 
    "parent_id" : "-1", 
    "name" : "civil", 
    "updated_at" : ISODate("2019-06-30T09:06:45.000+0000"), 
    "created_at" : ISODate("2019-06-30T09:06:45.000+0000")
}
{ 
    "_id" : ObjectId("5d1884a5b14e64022e4c1e93"), 
    "name" : "root", 
    "auth_id" : "5d1884a5b14e64022e4c1e92", 
    "level" : NumberInt(-1), 
    "child_ids" : [

    ], 
    "updated_at" : ISODate("2019-06-30T09:45:09.000+0000"), 
    "created_at" : ISODate("2019-06-30T09:45:09.000+0000")
}
{ 
    "_id" : ObjectId("5d1884bfb14e64014f008ed1"), 
    "auth_id" : "5cb8a6dc76e7492510007032", 
    "parent_id" : "-1", 
    "name" : "Architecture", 
    "updated_at" : ISODate("2019-06-30T09:45:35.000+0000"), 
    "created_at" : ISODate("2019-06-30T09:45:35.000+0000")
}
