{ 
    "_id" : ObjectId("5c97ebff2ace521b10006e02"), 
    "full_name" : "mohamed abbass gamal", 
    "username" : "owner@intrazero.com", 
    "email" : "owner@intrazero.com", 
    "password" : "$2y$12$wp8TZSNdjZFrsWXYef11CO6y7pf74XD6G152CrdPtEPaLyrWXPbCi", 
    "status" : "approved", 
    "type" : "admin", 
    "updated_at" : ISODate("2019-06-30T09:44:25.000+0000"), 
    "created_at" : ISODate("2019-03-24T20:43:43.000+0000"), 
    "remember_token" : "Qe4hv1Wpasr5FdLqDDnNHHSrQk72j4I7ExOM6cpTvWMWfIGmAFLWrIhbZI4E", 
    "UserExams" : [
        {
            "exam_id" : "5d18fd6b28863101580016e2", 
            "count" : NumberInt(1), 
            "updated_at" : ISODate("2019-07-01T12:28:39.000+0000"), 
            "created_at" : ISODate("2019-07-01T12:28:39.000+0000"), 
            "_id" : ObjectId("5d19fc77b14e642aeb60a632")
        }
    ], 
    "solved_questions" : [
        {
            "question_id" : "5d18a9f05961e61f20004593", 
            "user_answer" : "24", 
            "true_answer" : "24", 
            "is_true" : NumberInt(1), 
            "updated_at" : ISODate("2019-06-30T12:27:10.000+0000"), 
            "created_at" : ISODate("2019-06-30T12:27:10.000+0000"), 
            "_id" : ObjectId("5d18aa9e5961e61f20004597")
        }, 
        {
            "question_id" : "5d1b93eb5961e633cc0039ad", 
            "user_answer" : "would have been", 
            "true_answer" : "would have been", 
            "is_true" : NumberInt(1), 
            "updated_at" : ISODate("2019-07-02T17:27:40.000+0000"), 
            "created_at" : ISODate("2019-07-02T17:27:40.000+0000"), 
            "_id" : ObjectId("5d1b940c5961e633cc0039b4")
        }
    ]
}
{ 
    "_id" : ObjectId("5cb0c0dd15c64f1d700051e4"), 
    "password" : "$2y$10$Xibb6CZVCT80jjHTnpSNeukat8N0t2RYJkyMZ1YKT5mbNyMgOy/ui", 
    "email" : "ohhmer@yahoo.com", 
    "username" : "ohmar", 
    "full_name" : "omar yasser ali", 
    "status" : "approved", 
    "type" : "user", 
    "updated_at" : ISODate("2019-04-14T22:52:11.000+0000"), 
    "created_at" : ISODate("2019-04-12T16:46:21.000+0000"), 
    "linkedin" : "www.linkedin.com/Mark.Andre", 
    "facebook" : "www.facebook.com/Mark.Andre", 
    "twitter" : null, 
    "remember_token" : "UI88OWSWzLTlAZ1rUx7ByGwOBynJSIQk4cS5Qv5MszACJLxavuiypTMHxK9D"
}
{ 
    "_id" : ObjectId("5cb0c0dd15c64f1d700051e5"), 
    "password" : "$2y$10$GPVasKy9louCxG.vTeSBNOHBaAjr8gVtGmWpsg..4seSOrByafhQ.", 
    "email" : "admin@admin.com", 
    "username" : "admin", 
    "full_name" : "admin ali feteeh", 
    "status" : "approved", 
    "type" : "admin", 
    "updated_at" : ISODate("2019-06-23T17:10:43.000+0000"), 
    "created_at" : ISODate("2019-06-12T10:46:21.000+0000"), 
    "linkedin" : "www.linkedin.com/Mark.Andre", 
    "facebook" : "www.facebook.com/Mark.Andre", 
    "twitter" : null, 
    "remember_token" : "bbMMP4VLZLCongmxlcpwKjuNLTtajIzC61b1S95jJxdFQ4mh38PjoEFht4VU", 
    "solved_questions" : [
        {
            "question_id" : "5d0ea5cb2886312914000949", 
            "user_answer" : "4", 
            "true_answer" : "4", 
            "is_true" : NumberInt(1), 
            "updated_at" : ISODate("2019-06-23T17:44:21.000+0000"), 
            "created_at" : ISODate("2019-06-23T17:44:21.000+0000"), 
            "_id" : ObjectId("5d0fba752886313784000ac0")
        }, 
        {
            "question_id" : "5d0ea0112886312914000936", 
            "user_answer" : "no", 
            "true_answer" : "yes", 
            "is_true" : NumberInt(0), 
            "updated_at" : ISODate("2019-06-23T17:45:07.000+0000"), 
            "created_at" : ISODate("2019-06-23T17:45:07.000+0000"), 
            "_id" : ObjectId("5d0fbaa32886313784000ac1")
        }, 
        {
            "question_id" : "5d135b97288631284000350f", 
            "user_answer" : "Sisi(@)awesome(@)", 
            "true_answer" : "Sisi(@)awesome(@)", 
            "is_true" : NumberInt(1), 
            "updated_at" : ISODate("2019-06-26T11:49:07.000+0000"), 
            "created_at" : ISODate("2019-06-26T11:49:07.000+0000"), 
            "_id" : ObjectId("5d135bb32886312840003514")
        }, 
        {
            "question_id" : "5d135b97288631284000350f", 
            "user_answer" : "awesome(@)awesome(@)", 
            "true_answer" : "Sisi(@)awesome(@)", 
            "is_true" : NumberInt(0), 
            "updated_at" : ISODate("2019-06-26T11:49:18.000+0000"), 
            "created_at" : ISODate("2019-06-26T11:49:18.000+0000"), 
            "_id" : ObjectId("5d135bbe2886312840003515")
        }, 
        {
            "question_id" : "5d135b97288631284000350f", 
            "user_answer" : "scripting(@)compiling(@)", 
            "true_answer" : "scripting(@)compiling(@)", 
            "is_true" : NumberInt(1), 
            "updated_at" : ISODate("2019-06-26T11:51:45.000+0000"), 
            "created_at" : ISODate("2019-06-26T11:51:45.000+0000"), 
            "_id" : ObjectId("5d135c51288631284000351a")
        }, 
        {
            "question_id" : "5d135b97288631284000350f", 
            "user_answer" : "scripting(@)scripting(@)", 
            "true_answer" : "scripting(@)compiling(@)", 
            "is_true" : NumberInt(0), 
            "updated_at" : ISODate("2019-06-26T11:51:54.000+0000"), 
            "created_at" : ISODate("2019-06-26T11:51:54.000+0000"), 
            "_id" : ObjectId("5d135c5a288631284000351b")
        }, 
        {
            "question_id" : "5d18abb85961e61f2000459a", 
            "user_answer" : "I don't know", 
            "true_answer" : "13", 
            "is_true" : NumberInt(0), 
            "updated_at" : ISODate("2019-07-03T12:56:02.000+0000"), 
            "created_at" : ISODate("2019-07-03T12:56:02.000+0000"), 
            "_id" : ObjectId("5d1ca5e228863131a0001262")
        }
    ], 
    "UserExams" : [
        {
            "exam_id" : "5d18fd6b28863101580016e2", 
            "count" : NumberInt(3), 
            "updated_at" : ISODate("2019-06-30T20:12:31.000+0000"), 
            "created_at" : ISODate("2019-06-30T19:19:46.000+0000"), 
            "_id" : ObjectId("5d190b52b14e6411b8612072")
        }
    ]
}
{ 
    "_id" : ObjectId("5d13ad279dfef715e73307c2"), 
    "password" : "$2y$10$o.z0G.ojpia3hpkNa2YI4u8kCaImVz0k7wBLf0JXn.4NpMxIZEfxy", 
    "email" : "ahmedadel3994@yahoo.com", 
    "full_name" : "Ahmed Adel", 
    "status" : "approved", 
    "type" : "user", 
    "updated_at" : ISODate("2019-06-26T17:36:39.000+0000"), 
    "created_at" : ISODate("2019-06-26T17:36:39.000+0000"), 
    "remember_token" : "4Dmk53OwGI1MwNDkJ5APMSo5OIDy0bpqUunMz8PhVcqYQ3CnRrvx1o8T2fzS", 
    "solved_questions" : [
        {
            "question_id" : "5d1881d0b14e64014f008ecc", 
            "user_answer" : "12", 
            "true_answer" : "12", 
            "is_true" : NumberInt(1), 
            "updated_at" : ISODate("2019-07-09T16:03:17.000+0000"), 
            "created_at" : ISODate("2019-07-09T16:03:17.000+0000"), 
            "_id" : ObjectId("5d24bac59dfef70af2377982")
        }, 
        {
            "question_id" : "5d1881d0b14e64014f008ecc", 
            "user_answer" : "44", 
            "true_answer" : "12", 
            "is_true" : NumberInt(0), 
            "updated_at" : ISODate("2019-07-09T16:03:22.000+0000"), 
            "created_at" : ISODate("2019-07-09T16:03:22.000+0000"), 
            "_id" : ObjectId("5d24baca9dfef70af2377983")
        }, 
        {
            "question_id" : "5d1881d0b14e64014f008ecc", 
            "user_answer" : "12", 
            "true_answer" : "12", 
            "is_true" : NumberInt(1), 
            "updated_at" : ISODate("2019-07-09T16:03:57.000+0000"), 
            "created_at" : ISODate("2019-07-09T16:03:57.000+0000"), 
            "_id" : ObjectId("5d24baed9dfef70af2377984")
        }
    ], 
    "UserExams" : [
        {
            "exam_id" : "5d24bdf99dfef70af2377985", 
            "count" : NumberInt(2), 
            "updated_at" : ISODate("2019-07-09T16:23:18.000+0000"), 
            "created_at" : ISODate("2019-07-09T16:22:09.000+0000"), 
            "_id" : ObjectId("5d24bf319dfef70af2377988")
        }
    ]
}
{ 
    "_id" : ObjectId("5d179aadb14e6465da376c12"), 
    "password" : "$2y$10$N32z1/UfPFpt/E57cokXoeauOYco.VFDdD/mZWesYECTG5GFSpua6", 
    "email" : "mmo7amed2010@gmail.com", 
    "full_name" : "mohamed abbass gamal", 
    "status" : "approved", 
    "type" : "user", 
    "updated_at" : ISODate("2019-06-30T09:00:53.000+0000"), 
    "created_at" : ISODate("2019-06-29T17:06:53.000+0000"), 
    "remember_token" : "75WkP5m96mhyg8V18jzCRuDly6BiT2inr9XngV54kAEPcaBoCmANJY4z4TJ9", 
    "solved_questions" : [
        {
            "question_id" : "5d116ce62ace520a3800200e", 
            "user_answer" : "x(@)y(@)", 
            "true_answer" : "x(@)y(@)", 
            "is_true" : NumberInt(1), 
            "updated_at" : ISODate("2019-06-30T08:59:08.000+0000"), 
            "created_at" : ISODate("2019-06-30T08:59:08.000+0000"), 
            "_id" : ObjectId("5d1879dcb14e647f846f2742")
        }, 
        {
            "question_id" : "5d116ce62ace520a3800200e", 
            "user_answer" : "y(@)x(@)", 
            "true_answer" : "x(@)y(@)", 
            "is_true" : NumberInt(0), 
            "updated_at" : ISODate("2019-06-30T08:59:14.000+0000"), 
            "created_at" : ISODate("2019-06-30T08:59:14.000+0000"), 
            "_id" : ObjectId("5d1879e2b14e647f9033dca2")
        }, 
        {
            "question_id" : "5d135a962886312840003509", 
            "user_answer" : "Traceback (most recent call last):  File \"1711271214.py\", line 1, in <module>    klsdaadNameError: name 'klsdaad' is not defined", 
            "true_answer" : "120", 
            "is_true" : NumberInt(0), 
            "updated_at" : ISODate("2019-06-30T09:16:30.000+0000"), 
            "created_at" : ISODate("2019-06-30T09:16:30.000+0000"), 
            "_id" : ObjectId("5d187deeb14e647fa03b70c2")
        }, 
        {
            "question_id" : "5d135a962886312840003509", 
            "user_answer" : "Traceback (most recent call last):  File \"443500536.py\", line 1, in <module>    klsdaadNameError: name 'klsdaad' is not defined", 
            "true_answer" : "120", 
            "is_true" : NumberInt(0), 
            "updated_at" : ISODate("2019-06-30T09:16:32.000+0000"), 
            "created_at" : ISODate("2019-06-30T09:16:32.000+0000"), 
            "_id" : ObjectId("5d187df0b14e647fa03b70c3")
        }
    ], 
    "linkedin" : null, 
    "facebook" : null, 
    "twitter" : null
}
{ 
    "_id" : ObjectId("5d1905be2886310158001716"), 
    "password" : "$2y$10$9MBz4Jl9TqcDms7X0JvbQO8mQCNsClvYJcD4X3WphQqTdvm74ZMMm", 
    "email" : "cse@test.com", 
    "full_name" : "cse test", 
    "status" : "approved", 
    "type" : "user", 
    "updated_at" : ISODate("2019-06-30T18:55:58.000+0000"), 
    "created_at" : ISODate("2019-06-30T18:55:58.000+0000"), 
    "UserExams" : [
        {
            "exam_id" : "5d18fd6b28863101580016e2", 
            "count" : NumberInt(1), 
            "updated_at" : ISODate("2019-06-30T18:56:21.000+0000"), 
            "created_at" : ISODate("2019-06-30T18:56:21.000+0000"), 
            "_id" : ObjectId("5d1905d52886310158001717")
        }
    ]
}
{ 
    "_id" : ObjectId("5d190addb14e647f8550e2ab"), 
    "password" : "$2y$10$a3I5DPkVv64rUg8.3AYeZ.EoZEtA8sqdY5.9EW7p0hu9OdSmTvta.", 
    "email" : "1994ahmedadel@gmail.com", 
    "full_name" : "Ahmed Adel Shehata", 
    "status" : "approved", 
    "type" : "user", 
    "updated_at" : ISODate("2019-06-30T19:17:49.000+0000"), 
    "created_at" : ISODate("2019-06-30T19:17:49.000+0000")
}
{ 
    "_id" : ObjectId("5d190ae7b14e6401ff36dfd2"), 
    "password" : "$2y$10$cjP0rFCnjeQ20jeWErYVz.2diLOdOc79HAm3ZjR6uKmH0TyxpL5aG", 
    "email" : "omarashraf465@yahoo.com", 
    "full_name" : "omar ashraf", 
    "status" : "approved", 
    "type" : "user", 
    "updated_at" : ISODate("2019-06-30T19:17:59.000+0000"), 
    "created_at" : ISODate("2019-06-30T19:17:59.000+0000"), 
    "UserExams" : [
        {
            "exam_id" : "5d18fd6b28863101580016e2", 
            "count" : NumberInt(1), 
            "updated_at" : ISODate("2019-06-30T19:18:45.000+0000"), 
            "created_at" : ISODate("2019-06-30T19:18:45.000+0000"), 
            "_id" : ObjectId("5d190b15b14e64119d3fa262")
        }
    ]
}
{ 
    "_id" : ObjectId("5d190ae8b14e647fa03b70c5"), 
    "password" : "$2y$10$kcER9GGe.xTpLZC83bcN4.p6bRSz7R2Lgtpkg.QeLkSq.KeTuE8na", 
    "email" : "rihamhazem56@gmail.com", 
    "full_name" : "Riham Hazem", 
    "status" : "approved", 
    "type" : "user", 
    "updated_at" : ISODate("2019-06-30T19:18:00.000+0000"), 
    "created_at" : ISODate("2019-06-30T19:18:00.000+0000"), 
    "UserExams" : [
        {
            "exam_id" : "5d18fd6b28863101580016e2", 
            "count" : NumberInt(1), 
            "updated_at" : ISODate("2019-06-30T19:18:53.000+0000"), 
            "created_at" : ISODate("2019-06-30T19:18:53.000+0000"), 
            "_id" : ObjectId("5d190b1db14e6401ff36dfd3")
        }
    ]
}
{ 
    "_id" : ObjectId("5d190b41b14e64119d3fa263"), 
    "password" : "$2y$10$eYYiuhxQUUEr64i8af1ZhuZOvPb86tkx3KESgjo2j/NrIHbQ38cSS", 
    "email" : "eslamgenedy92@yahoo.com", 
    "full_name" : "Eslam Ahmed Genedy", 
    "status" : "approved", 
    "type" : "user", 
    "updated_at" : ISODate("2019-06-30T19:19:29.000+0000"), 
    "created_at" : ISODate("2019-06-30T19:19:29.000+0000"), 
    "UserExams" : [
        {
            "exam_id" : "5d18fd6b28863101580016e2", 
            "count" : NumberInt(2), 
            "updated_at" : ISODate("2019-06-30T19:26:48.000+0000"), 
            "created_at" : ISODate("2019-06-30T19:20:20.000+0000"), 
            "_id" : ObjectId("5d190b74b14e6411bd257d32")
        }
    ]
}
{ 
    "_id" : ObjectId("5d19135ab14e6412ec5be4d2"), 
    "password" : "$2y$10$FIV2g3H231CdWVTN/JYcbeEnK2Dd/7vT5/jECQ15fX0Ic/jv1BqTy", 
    "email" : "m49dy@haha.com", 
    "full_name" : "m49dy", 
    "status" : "approved", 
    "type" : "user", 
    "updated_at" : ISODate("2019-06-30T19:54:02.000+0000"), 
    "created_at" : ISODate("2019-06-30T19:54:02.000+0000")
}
{ 
    "_id" : ObjectId("5d1913d2b14e6412fc3ca8b2"), 
    "password" : "$2y$10$0Pr5UWseXRCmo92iUyLW2uoxz66trjDqTpD1UiRzNx4NnwGtNZ7xm", 
    "email" : "eman.ashraf@yahoo.com", 
    "full_name" : "Eman Ashraf", 
    "status" : "approved", 
    "type" : "user", 
    "updated_at" : ISODate("2019-06-30T19:56:02.000+0000"), 
    "created_at" : ISODate("2019-06-30T19:56:02.000+0000")
}
{ 
    "_id" : ObjectId("5d191424b14e6412fc3ca8b3"), 
    "password" : "$2y$10$yyhTWy0N0hhI.ZnssRvb/e3.aBi0mDGadXuQ6Xr3c2CyPuvARkJxW", 
    "email" : "xxxx@gmail.com", 
    "full_name" : "xxx", 
    "status" : "approved", 
    "type" : "user", 
    "updated_at" : ISODate("2019-06-30T19:57:24.000+0000"), 
    "created_at" : ISODate("2019-06-30T19:57:24.000+0000"), 
    "UserExams" : [
        {
            "exam_id" : "5d18fd6b28863101580016e2", 
            "count" : NumberInt(1), 
            "updated_at" : ISODate("2019-06-30T19:57:52.000+0000"), 
            "created_at" : ISODate("2019-06-30T19:57:52.000+0000"), 
            "_id" : ObjectId("5d191440b14e64130b389222")
        }
    ]
}
{ 
    "_id" : ObjectId("5d19148ab14e6412ee564c32"), 
    "password" : "$2y$10$YjN9tYz6iAhzAcmv9/ZKzONg6.J7h0a4pDqwttqPwveGdraTyzstK", 
    "email" : "magedmabrouk@ymail.com", 
    "full_name" : "maged mabrouk", 
    "status" : "approved", 
    "type" : "user", 
    "updated_at" : ISODate("2019-06-30T19:59:06.000+0000"), 
    "created_at" : ISODate("2019-06-30T19:59:06.000+0000"), 
    "UserExams" : [
        {
            "exam_id" : "5d18fd6b28863101580016e2", 
            "count" : NumberInt(1), 
            "updated_at" : ISODate("2019-06-30T20:00:10.000+0000"), 
            "created_at" : ISODate("2019-06-30T20:00:10.000+0000"), 
            "_id" : ObjectId("5d1914cab14e6412cd61f162")
        }
    ]
}
{ 
    "_id" : ObjectId("5d1914abb14e6412ea3ae572"), 
    "password" : "$2y$10$ZeSmfdOvDZVfZQ2TRjJwoeNWfYkM1CNDgNu99zy2Ws5HVmLBWoF7G", 
    "email" : "k4s96@hotmail.com", 
    "full_name" : "Kareem", 
    "status" : "approved", 
    "type" : "user", 
    "updated_at" : ISODate("2019-06-30T19:59:39.000+0000"), 
    "created_at" : ISODate("2019-06-30T19:59:39.000+0000"), 
    "UserExams" : [
        {
            "exam_id" : "5d18fd6b28863101580016e2", 
            "count" : NumberInt(3), 
            "updated_at" : ISODate("2019-06-30T20:14:55.000+0000"), 
            "created_at" : ISODate("2019-06-30T20:05:24.000+0000"), 
            "_id" : ObjectId("5d191604b14e6413af6ac462")
        }
    ], 
    "remember_token" : "cREY7rXdB5u4i8Tcq0jq3wpaaHOLDewwSa1thFqV7OzSH4lC6qMsBSNBaFNU"
}
{ 
    "_id" : ObjectId("5d1914d7b14e64132b38f369"), 
    "password" : "$2y$10$E37hg1eVC2QOV25XBuBWGeQhj.djK5DVMjek/ez5GD236fKYI0pZa", 
    "email" : "Mohamed2m2018@gmail.com", 
    "full_name" : "Mohamed", 
    "status" : "approved", 
    "type" : "user", 
    "updated_at" : ISODate("2019-06-30T20:00:23.000+0000"), 
    "created_at" : ISODate("2019-06-30T20:00:23.000+0000")
}
{ 
    "_id" : ObjectId("5d191538b14e641319642a02"), 
    "password" : "$2y$10$SkXjl0P.ZPoGoz8UmLbHeefdH1U0BWV41BkrBKMzYR0qIQRaUdw6a", 
    "email" : "Ahmedwaelforlearning@gmail.com", 
    "full_name" : "Ahmed", 
    "status" : "approved", 
    "type" : "user", 
    "updated_at" : ISODate("2019-06-30T20:02:00.000+0000"), 
    "created_at" : ISODate("2019-06-30T20:02:00.000+0000"), 
    "UserExams" : [
        {
            "exam_id" : "5d18fd6b28863101580016e2", 
            "count" : NumberInt(1), 
            "updated_at" : ISODate("2019-06-30T20:05:43.000+0000"), 
            "created_at" : ISODate("2019-06-30T20:05:43.000+0000"), 
            "_id" : ObjectId("5d191617b14e6413b02957a2")
        }
    ]
}
{ 
    "_id" : ObjectId("5d191574b14e64134e4ace22"), 
    "password" : "$2y$10$w36Eixu7g/Z45h9ozNapgu4hgIBYhI0lfnyuCuzJ6kO/fm4NpyOz.", 
    "email" : "test@test.com", 
    "full_name" : "test", 
    "status" : "approved", 
    "type" : "user", 
    "updated_at" : ISODate("2019-06-30T20:03:00.000+0000"), 
    "created_at" : ISODate("2019-06-30T20:03:00.000+0000"), 
    "UserExams" : [
        {
            "exam_id" : "5d18fd6b28863101580016e2", 
            "count" : NumberInt(1), 
            "updated_at" : ISODate("2019-06-30T20:03:35.000+0000"), 
            "created_at" : ISODate("2019-06-30T20:03:35.000+0000"), 
            "_id" : ObjectId("5d191597b14e64137041d6e2")
        }
    ]
}
{ 
    "_id" : ObjectId("5d19159eb14e6412ea3ae573"), 
    "password" : "$2y$10$nBbBpxjH8s6IUSxck/W0fOTAXfZ.Qta9pEP9iHdMV2wkRr9jAURrG", 
    "email" : "Fady.saeed@outlook.com", 
    "full_name" : "Fady Saeed", 
    "status" : "approved", 
    "type" : "user", 
    "updated_at" : ISODate("2019-06-30T20:03:42.000+0000"), 
    "created_at" : ISODate("2019-06-30T20:03:42.000+0000"), 
    "UserExams" : [
        {
            "exam_id" : "5d18fd6b28863101580016e2", 
            "count" : NumberInt(2), 
            "updated_at" : ISODate("2019-06-30T20:37:39.000+0000"), 
            "created_at" : ISODate("2019-06-30T20:12:33.000+0000"), 
            "_id" : ObjectId("5d1917b1b14e64141f6c4c92")
        }
    ]
}
{ 
    "_id" : ObjectId("5d1915a9b14e64137041d6e3"), 
    "password" : "$2y$10$VFtoUjaUrvBoyfNyauljd.Wkr.D7XR03WFAIw8ZZ0.HYY.aJsXg7m", 
    "email" : "yomnaj96@gmail.com", 
    "full_name" : "yomyom", 
    "status" : "approved", 
    "type" : "user", 
    "updated_at" : ISODate("2019-06-30T20:03:53.000+0000"), 
    "created_at" : ISODate("2019-06-30T20:03:53.000+0000"), 
    "UserExams" : [
        {
            "exam_id" : "5d18fd6b28863101580016e2", 
            "count" : NumberInt(1), 
            "updated_at" : ISODate("2019-06-30T20:04:35.000+0000"), 
            "created_at" : ISODate("2019-06-30T20:04:35.000+0000"), 
            "_id" : ObjectId("5d1915d3b14e64139946b3a2")
        }
    ]
}
{ 
    "_id" : ObjectId("5d1915fbb14e6413a90bb082"), 
    "password" : "$2y$10$tyMFBvs41Ewf2lb7YYUEJ.8Ebls1ICKwBqyYSspCAb1BWhfmejJDm", 
    "email" : "mohamedelshorbagy96@gmail.com", 
    "full_name" : "shorbagy", 
    "status" : "approved", 
    "type" : "user", 
    "updated_at" : ISODate("2019-06-30T20:05:15.000+0000"), 
    "created_at" : ISODate("2019-06-30T20:05:15.000+0000")
}
{ 
    "_id" : ObjectId("5d1917a0b14e6413e77ab062"), 
    "password" : "$2y$10$wXPuU/yGbzTGfTOAhZFQ5.cdrg6Toci49brMQKIoLYnSLbT68KzVG", 
    "email" : "omaremadsayed@yahoo.com", 
    "full_name" : "Omar Emad", 
    "status" : "approved", 
    "type" : "user", 
    "updated_at" : ISODate("2019-06-30T20:12:16.000+0000"), 
    "created_at" : ISODate("2019-06-30T20:12:16.000+0000"), 
    "UserExams" : [
        {
            "exam_id" : "5d18fd6b28863101580016e2", 
            "count" : NumberInt(2), 
            "updated_at" : ISODate("2019-06-30T21:01:53.000+0000"), 
            "created_at" : ISODate("2019-06-30T21:00:19.000+0000"), 
            "_id" : ObjectId("5d1922e3b14e641645556033")
        }
    ]
}
{ 
    "_id" : ObjectId("5d1919ecb14e6414824dfeb2"), 
    "password" : "$2y$10$3RRohMmq69wI53m.GIkUGeRYWnJrfDOLZb7lp7IDLmHh0MG18QOlG", 
    "email" : "m.n@gmail.com", 
    "full_name" : "MN", 
    "status" : "approved", 
    "type" : "user", 
    "updated_at" : ISODate("2019-06-30T20:22:04.000+0000"), 
    "created_at" : ISODate("2019-06-30T20:22:04.000+0000")
}
{ 
    "_id" : ObjectId("5d19209bb14e64141f6c4c93"), 
    "password" : "$2y$10$TXrTkHBfrmTENVoi2F4GYuENk55fhtgnZTm0980b/3BBPCW33wkei", 
    "email" : "gss@gss.com", 
    "full_name" : "gassersamy", 
    "status" : "approved", 
    "type" : "user", 
    "updated_at" : ISODate("2019-06-30T20:50:35.000+0000"), 
    "created_at" : ISODate("2019-06-30T20:50:35.000+0000"), 
    "UserExams" : [
        {
            "exam_id" : "5d18fd6b28863101580016e2", 
            "count" : NumberInt(1), 
            "updated_at" : ISODate("2019-06-30T20:51:16.000+0000"), 
            "created_at" : ISODate("2019-06-30T20:51:16.000+0000"), 
            "_id" : ObjectId("5d1920c4b14e64154a6fc0d2")
        }
    ]
}
{ 
    "_id" : ObjectId("5d192234b14e6415f5655532"), 
    "password" : "$2y$10$5y5CrTdqTMeaSHhfpJ9j/egK0t4801id.dR.aV6M4UF4qyN1HSkLu", 
    "email" : "sunnyflower960@gmail.com", 
    "full_name" : "sunLotfi", 
    "status" : "approved", 
    "type" : "user", 
    "updated_at" : ISODate("2019-06-30T20:57:24.000+0000"), 
    "created_at" : ISODate("2019-06-30T20:57:24.000+0000"), 
    "UserExams" : [
        {
            "exam_id" : "5d18fd6b28863101580016e2", 
            "count" : NumberInt(1), 
            "updated_at" : ISODate("2019-06-30T21:12:08.000+0000"), 
            "created_at" : ISODate("2019-06-30T21:12:08.000+0000"), 
            "_id" : ObjectId("5d1925a8b14e64147c160292")
        }
    ]
}
{ 
    "_id" : ObjectId("5d192240b14e64141f6c4c94"), 
    "password" : "$2y$10$wcKgjTIuCPIs4qrTzKxbTeDrHPE5WmDus6qQT5OIUs75sQFQ9Es96", 
    "email" : "marwamagdy_9091@yahoo.com", 
    "full_name" : "marwa magdy", 
    "status" : "approved", 
    "type" : "user", 
    "updated_at" : ISODate("2019-06-30T20:57:36.000+0000"), 
    "created_at" : ISODate("2019-06-30T20:57:36.000+0000"), 
    "UserExams" : [
        {
            "exam_id" : "5d18fd6b28863101580016e2", 
            "count" : NumberInt(2), 
            "updated_at" : ISODate("2019-06-30T20:59:45.000+0000"), 
            "created_at" : ISODate("2019-06-30T20:58:22.000+0000"), 
            "_id" : ObjectId("5d19226eb14e641645556032")
        }
    ]
}
{ 
    "_id" : ObjectId("5d19237ab14e641643680482"), 
    "password" : "$2y$10$B3fLMw2AapPsJWZqGHchbeySv1GAerIGUQlQnR4RP5BgQ/UerO1he", 
    "email" : "roba.m.medhat96@gmail.com", 
    "full_name" : "R", 
    "status" : "approved", 
    "type" : "user", 
    "updated_at" : ISODate("2019-06-30T21:02:50.000+0000"), 
    "created_at" : ISODate("2019-06-30T21:02:50.000+0000")
}
{ 
    "_id" : ObjectId("5d19273bb14e64141f6c4c95"), 
    "password" : "$2y$10$jnQLKHRSTj5CI.fB5J61FeHBYJYwA9w6iwrPmuCYX8wq1KKjr4ehO", 
    "email" : "fadyesam1996@gmail.com", 
    "full_name" : "Fady Essam", 
    "status" : "approved", 
    "type" : "user", 
    "updated_at" : ISODate("2019-06-30T21:18:51.000+0000"), 
    "created_at" : ISODate("2019-06-30T21:18:51.000+0000")
}
{ 
    "_id" : ObjectId("5d192a8bb14e64147c16029a"), 
    "password" : "$2y$10$ZYypdaXw1TQt9hTim/BT.OVbuDEPcj4aTqWlCnn90qsTANkGEvGfC", 
    "email" : "ahmhekal@gmail.com", 
    "full_name" : "ahmed hekal", 
    "status" : "approved", 
    "type" : "user", 
    "updated_at" : ISODate("2019-06-30T21:32:59.000+0000"), 
    "created_at" : ISODate("2019-06-30T21:32:59.000+0000"), 
    "UserExams" : [
        {
            "exam_id" : "5d18fd6b28863101580016e2", 
            "count" : NumberInt(3), 
            "updated_at" : ISODate("2019-06-30T23:52:00.000+0000"), 
            "created_at" : ISODate("2019-06-30T21:33:47.000+0000"), 
            "_id" : ObjectId("5d192abbb14e64170b61bed2")
        }
    ]
}
{ 
    "_id" : ObjectId("5d192df5b14e64170b61bed3"), 
    "password" : "$2y$10$/kzIyMgMKtceb0SDk.zZcuUnagr40HnmgZ0JhPZOMMRQ6KPCX9/mu", 
    "email" : "alaa2005721@gmail.com", 
    "full_name" : "Aladdin", 
    "status" : "approved", 
    "type" : "user", 
    "updated_at" : ISODate("2019-06-30T21:47:33.000+0000"), 
    "created_at" : ISODate("2019-06-30T21:47:33.000+0000"), 
    "UserExams" : [
        {
            "exam_id" : "5d18fd6b28863101580016e2", 
            "count" : NumberInt(1), 
            "updated_at" : ISODate("2019-06-30T23:04:34.000+0000"), 
            "created_at" : ISODate("2019-06-30T23:04:34.000+0000"), 
            "_id" : ObjectId("5d194002b14e6418b410a342")
        }
    ]
}
{ 
    "_id" : ObjectId("5d1930fab14e641887341e92"), 
    "password" : "$2y$10$i/bOfyk2j3D8r8XB8kUx..1lADJJl8NFGhdmdKhqPwuMhYMY8BzOW", 
    "email" : "allamov96@gmail.com", 
    "full_name" : "Omar Allam", 
    "status" : "approved", 
    "type" : "user", 
    "updated_at" : ISODate("2019-06-30T22:00:26.000+0000"), 
    "created_at" : ISODate("2019-06-30T22:00:26.000+0000")
}
{ 
    "_id" : ObjectId("5d194158b14e641896682b02"), 
    "password" : "$2y$10$3JLw0IIkEtTBHBIZcNH21eHRoNtsu.kU9K8OUIO2brmmdckNLWj7y", 
    "email" : "hamada1996577@gmail.com", 
    "full_name" : "Mohamed", 
    "status" : "approved", 
    "type" : "user", 
    "updated_at" : ISODate("2019-06-30T23:10:16.000+0000"), 
    "created_at" : ISODate("2019-06-30T23:10:16.000+0000")
}
{ 
    "_id" : ObjectId("5d19416fb14e641dcc037202"), 
    "password" : "$2y$10$sEePXypdKuFVEfCttRfEL.0ISPJsKM6izJXJhi1omigmBeC5YMfDy", 
    "email" : "hhh@hhhhh.cin", 
    "full_name" : "hhhhhh", 
    "status" : "approved", 
    "type" : "user", 
    "updated_at" : ISODate("2019-06-30T23:10:39.000+0000"), 
    "created_at" : ISODate("2019-06-30T23:10:39.000+0000"), 
    "UserExams" : [
        {
            "exam_id" : "5d18fd6b28863101580016e2", 
            "count" : NumberInt(1), 
            "updated_at" : ISODate("2019-06-30T23:10:51.000+0000"), 
            "created_at" : ISODate("2019-06-30T23:10:51.000+0000"), 
            "_id" : ObjectId("5d19417bb14e641dcc037203")
        }
    ]
}
{ 
    "_id" : ObjectId("5d1943beb14e641896682b03"), 
    "password" : "$2y$10$ttpHInKuwRKox77iRq3o7eaJ90fRyCYh/5GY5GqvAeBQpfRxeDiBy", 
    "email" : "ibrahim@outlook.com", 
    "full_name" : "Ibrahim", 
    "status" : "approved", 
    "type" : "user", 
    "updated_at" : ISODate("2019-06-30T23:20:30.000+0000"), 
    "created_at" : ISODate("2019-06-30T23:20:30.000+0000"), 
    "UserExams" : [
        {
            "exam_id" : "5d18fd6b28863101580016e2", 
            "count" : NumberInt(1), 
            "updated_at" : ISODate("2019-06-30T23:21:00.000+0000"), 
            "created_at" : ISODate("2019-06-30T23:21:00.000+0000"), 
            "_id" : ObjectId("5d1943dcb14e6418b2490422")
        }
    ]
}
{ 
    "_id" : ObjectId("5d1945c7b14e6418c0054bf9"), 
    "password" : "$2y$10$NxqFxFezpG5fem.itSX1h.fvMyGQUCiGhLGHDVy08Ohc/hmnYV17S", 
    "email" : "xy@gmail.com", 
    "full_name" : "xyz", 
    "status" : "approved", 
    "type" : "user", 
    "updated_at" : ISODate("2019-06-30T23:29:11.000+0000"), 
    "created_at" : ISODate("2019-06-30T23:29:11.000+0000"), 
    "UserExams" : [
        {
            "exam_id" : "5d18fd6b28863101580016e2", 
            "count" : NumberInt(1), 
            "updated_at" : ISODate("2019-06-30T23:29:39.000+0000"), 
            "created_at" : ISODate("2019-06-30T23:29:39.000+0000"), 
            "_id" : ObjectId("5d1945e3b14e641dd86d4bd2")
        }
    ]
}
{ 
    "_id" : ObjectId("5d194e0cb14e641dd86d4bd3"), 
    "password" : "$2y$10$lbGKPRCOcasxe/ayxWMzLe8VwbeMgHNiJv7FsKTLsVFPx5QC.Fppa", 
    "email" : "moamen.ahmed1@hotmail.com", 
    "full_name" : "Mo'men Ahmed", 
    "status" : "approved", 
    "type" : "user", 
    "updated_at" : ISODate("2019-07-01T00:04:28.000+0000"), 
    "created_at" : ISODate("2019-07-01T00:04:28.000+0000"), 
    "UserExams" : [
        {
            "exam_id" : "5d18fd6b28863101580016e2", 
            "count" : NumberInt(1), 
            "updated_at" : ISODate("2019-07-01T00:07:22.000+0000"), 
            "created_at" : ISODate("2019-07-01T00:07:22.000+0000"), 
            "_id" : ObjectId("5d194ebab14e641e8877abf2")
        }
    ]
}
{ 
    "_id" : ObjectId("5d194ec8b14e6418ad70b2f0"), 
    "password" : "$2y$10$4ATDoX0gUGZuJfoGCHnkEO9E8cUOzUPyLUkuVQlcYAeoUeD0XOq9G", 
    "email" : "arwaibrahim97@gmail.com", 
    "full_name" : "Arwa", 
    "status" : "approved", 
    "type" : "user", 
    "updated_at" : ISODate("2019-07-01T00:07:36.000+0000"), 
    "created_at" : ISODate("2019-07-01T00:07:36.000+0000"), 
    "UserExams" : [
        {
            "exam_id" : "5d18fd6b28863101580016e2", 
            "count" : NumberInt(1), 
            "updated_at" : ISODate("2019-07-01T00:11:16.000+0000"), 
            "created_at" : ISODate("2019-07-01T00:11:16.000+0000"), 
            "_id" : ObjectId("5d194fa4b14e641dd86d4bd4")
        }
    ]
}
{ 
    "_id" : ObjectId("5d19b1a0b14e641e8877abf3"), 
    "password" : "$2y$10$e0IqhyrY8rx/8YhA6ZzBbuvtRgYiCUY2hyMZG4e2tROfTfcI477HW", 
    "email" : "ali2@gmail.com", 
    "full_name" : "aly Nasser El Din", 
    "status" : "approved", 
    "type" : "user", 
    "updated_at" : ISODate("2019-07-01T07:09:20.000+0000"), 
    "created_at" : ISODate("2019-07-01T07:09:20.000+0000")
}
{ 
    "_id" : ObjectId("5d19e661b14e642aa37c3d92"), 
    "password" : "$2y$10$g/E610sdRmIWL9qbYO0VLOnwyuCvMp7IQp9aWiaZk3t5LxO7v2UJO", 
    "email" : "m@yahoo.com", 
    "full_name" : "Mohamed Atef", 
    "status" : "approved", 
    "type" : "user", 
    "updated_at" : ISODate("2019-07-01T10:54:25.000+0000"), 
    "created_at" : ISODate("2019-07-01T10:54:25.000+0000"), 
    "UserExams" : [
        {
            "exam_id" : "5d18fd6b28863101580016e2", 
            "count" : NumberInt(1), 
            "updated_at" : ISODate("2019-07-01T10:55:13.000+0000"), 
            "created_at" : ISODate("2019-07-01T10:55:13.000+0000"), 
            "_id" : ObjectId("5d19e691b14e641e8877abf4")
        }
    ]
}
{ 
    "_id" : ObjectId("5d1a30aab14e642aa37c3d9a"), 
    "password" : "$2y$10$k73mmj5ahYef3XU5rWkvaOU/73s5olGQ2CNvoT2F0J3rFxoSOB25y", 
    "email" : "eng.shimaa71296@gmail.com", 
    "full_name" : "Shimaa", 
    "status" : "approved", 
    "type" : "user", 
    "updated_at" : ISODate("2019-07-01T16:11:22.000+0000"), 
    "created_at" : ISODate("2019-07-01T16:11:22.000+0000")
}
{ 
    "_id" : ObjectId("5d1b2c5db14e642aeb60a633"), 
    "password" : "$2y$10$bVmEtKzo8UxGKn5mQSe2hek.JzZ1EOtJOIGfh8C3zCxUv2oebKpeG", 
    "email" : "penguin.2010@hotmail.com", 
    "full_name" : "Ismael Khaled", 
    "status" : "approved", 
    "type" : "user", 
    "updated_at" : ISODate("2019-07-02T10:05:17.000+0000"), 
    "created_at" : ISODate("2019-07-02T10:05:17.000+0000"), 
    "UserExams" : [
        {
            "exam_id" : "5d18fd6b28863101580016e2", 
            "count" : NumberInt(1), 
            "updated_at" : ISODate("2019-07-02T10:06:05.000+0000"), 
            "created_at" : ISODate("2019-07-02T10:06:05.000+0000"), 
            "_id" : ObjectId("5d1b2c8db14e642aeb60a634")
        }
    ]
}
{ 
    "_id" : ObjectId("5d1b7966b14e6433a50a0a42"), 
    "password" : "$2y$10$ADiqBixUbJ/9sgwxs2XcLOpTJtqTEVztNnPXw8WsIgJKTKsuc08Pm", 
    "email" : "m@m.com", 
    "full_name" : "Mohamed kamal", 
    "status" : "approved", 
    "type" : "user", 
    "updated_at" : ISODate("2019-07-02T15:33:58.000+0000"), 
    "created_at" : ISODate("2019-07-02T15:33:58.000+0000")
}
{ 
    "_id" : ObjectId("5d1e2cceb14e6428c81c6c02"), 
    "password" : "$2y$10$raujzWL1ggafDpPe4lSfY.VbKqRf64M7dsPAGTMV4rS2cr1DrxLHq", 
    "email" : "sayedseka@gmail.com", 
    "full_name" : "7amo beka", 
    "status" : "approved", 
    "type" : "user", 
    "updated_at" : ISODate("2019-07-04T16:43:58.000+0000"), 
    "created_at" : ISODate("2019-07-04T16:43:58.000+0000")
}
{ 
    "_id" : ObjectId("5d1f49f7b14e64611b690b42"), 
    "password" : "$2y$10$cP86jIrdrNyEvsROF/TukOp3QbH3nbPphSA7IWYosawzd7wpMvdUa", 
    "email" : "ahmed_sadek60@hotmail.com", 
    "full_name" : "Ahmed Sadek", 
    "status" : "approved", 
    "type" : "user", 
    "updated_at" : ISODate("2019-07-05T13:00:39.000+0000"), 
    "created_at" : ISODate("2019-07-05T13:00:39.000+0000")
}
